"","New_ID","Site","Transect.x","Depth_m","Benthic_Complexity","cropper","browser","detritivore","excavator","scraper","turf_algae","rock","hydrocoral","halimeda","cca","macroalgae","complex_octocoral","other_octocoral","seagrass","sponge","HC_complex","HC_encrusting","HC_plate","HC_other","HC_bleached","HC_dead","HC_massive_submass","unconsolidated_subs","Transect.y","Depth","Survey","Site_recode","Survey_recode","total_macroalgae","total_hard_coral"
"1","Feb_21|BOUG-01|T1","BOUG-01","T1",65,5,1,0,0,0,0,12,32,0,0,0,0,12,0,0,2,0,30,12,0,0,0,0,0,"T1",65,"Feb-21","BOUG-01","Feb_21",0,42
"2","Feb_21|BOUG-01|T10","BOUG-01","T10",54.7,5,0,0,0,0,1,12.7,6.35,0,22.22,0,0,6.35,3.17,0,7.94,0,19.05,22.22,0,0,0,0,0,"T10",54.7,"Feb-21","BOUG-01","Feb_21",22.22,41.27
"3","Feb_21|BOUG-01|T12","BOUG-01","T12",45.5,5,1,0,0,0,1,35.21,2.82,0,0,0,0,0,2.82,0,2.82,0,22.54,33.8,0,0,0,0,0,"T12",45.5,"Feb-21","BOUG-01","Feb_21",0,56.34
"4","Feb_21|BOUG-01|T16","BOUG-01","T16",36.4,5,2,0,0,0,1,30.43,4.35,0,8.7,0,4.35,0,4.35,0,2.9,0,14.49,28.99,0,0,0,1.45,0,"T16",36.4,"Feb-21","BOUG-01","Feb_21",13.05,44.93
"5","Feb_21|BOUG-01|T17","BOUG-01","T17",35.1,5,5,0,1,0,0,31.75,3.17,0,3.17,0,0,0,1.59,0,1.59,0,12.7,39.68,1.59,0,1.59,3.17,0,"T17",35.1,"Feb-21","BOUG-01","Feb_21",3.17,57.14
"6","Feb_21|BOUG-01|T18","BOUG-01","T18",28.5,4,2,0,0,0,0,33.8,0,0,23.94,0,0,0,1.41,0,1.41,0,19.72,19.72,0,0,0,0,0,"T18",28.5,"Feb-21","BOUG-01","Feb_21",23.94,39.44
"7","Feb_21|BOUG-01|T19","BOUG-01","T19",22.3,3,1,0,0,0,0,24.62,4.62,0,10.77,0,0,0,1.54,0,1.54,3.08,38.46,6.15,0,0,0,9.23,0,"T19",22.3,"Feb-21","BOUG-01","Feb_21",10.77,56.92
"8","Feb_21|BOUG-01|T2","BOUG-01","T2",66.7,5,1,0,0,0,1,10.64,31.91,0,0,0,0,14.89,0,0,0,0,8.51,34.04,0,0,0,0,0,"T2",66.7,"Feb-21","BOUG-01","Feb_21",0,42.55
"9","Feb_21|BOUG-01|T4","BOUG-01","T4",67.8,5,0,0,0,0,4,37.18,12.82,0,0,0,0,17.95,1.28,0,1.28,0,7.69,20.51,1.28,0,0,0,0,"T4",67.8,"Feb-21","BOUG-01","Feb_21",0,29.48
"10","Feb_21|BOUG-01|T6","BOUG-01","T6",58.1,4,2,0,0,0,4,21.92,19.18,0,0,0,0,2.74,10.96,0,0,0,27.4,17.81,0,0,0,0,0,"T6",58.1,"Feb-21","BOUG-01","Feb_21",0,45.21
"11","Feb_21|BOUG-01|T7","BOUG-01","T7",57.8,5,2,0,0,0,0,29.23,4.62,0,0,0,0,9.23,10.77,0,6.15,0,16.92,23.08,0,0,0,0,0,"T7",57.8,"Feb-21","BOUG-01","Feb_21",0,40
"12","Feb_21|BOUG-01|T8","BOUG-01","T8",57.2,5,3,0,0,0,0,36.51,1.59,0,0,0,0,0,20.63,0,1.59,0,3.17,30.16,0,0,0,0,6.35,"T8",57.2,"Feb-21","BOUG-01","Feb_21",0,33.33
"13","Feb_21|FLIN-01|T1","FLIN-01","T1",35.6,4,6,1,2,0,0,22.73,9.09,6.06,0,0,54.55,4.55,0,0,0,0,0,0,1.52,0,0,1.52,0,"T1",35.6,"Feb-21","FLIN-01","Feb_21",54.55,3.04
"14","Feb_21|FLIN-01|T2","FLIN-01","T2",37.1,4,0,0,1,3,2,21.43,10,0,27.14,0,31.43,4.29,0,0,0,0,1.43,1.43,0,0,0,2.86,0,"T2",37.1,"Feb-21","FLIN-01","Feb_21",58.57,5.72
"15","Feb_21|FLIN-01|T3","FLIN-01","T3",42.1,3,1,0,0,0,0,35.71,8.57,0,28.57,0,8.57,8.57,0,0,0,1.43,2.86,2.86,0,0,0,2.86,0,"T3",42.1,"Feb-21","FLIN-01","Feb_21",37.14,10.01
"16","Feb_21|FLIN-01|T4","FLIN-01","T4",35.2,3,2,0,1,0,0,52.17,8.7,0,5.8,0,20.29,1.45,0,0,0,0,4.35,5.8,0,0,0,1.45,0,"T4",35.2,"Feb-21","FLIN-01","Feb_21",26.09,11.6
"17","Feb_21|FLIN-01|T6","FLIN-01","T6",34.3,3,1,0,0,0,0,51.39,16.67,0,8.33,0,12.5,0,0,0,1.39,0,0,8.33,0,0,0,1.39,0,"T6",34.3,"Feb-21","FLIN-01","Feb_21",20.83,9.72
"18","Feb_21|FLIN-01|T7","FLIN-01","T7",45.2,4,0,0,0,1,0,7.81,10.94,0,79.69,0,0,0,0,0,0,0,0,0,0,0,0,1.56,0,"T7",45.2,"Feb-21","FLIN-01","Feb_21",79.69,1.56
"19","Feb_21|FLIN-02|T4","FLIN-02","T4",40,0,0,0,4,0,0,6.67,0,0,0,0,6.67,0,0,0,0,0,0,0,0,0,0,0,86.67,"T4",40,"Feb-21","FLIN-02","Feb_21",6.67,0
"20","Feb_21|FLIN-02|T5","FLIN-02","T5",41.5,0,1,0,0,0,0,6.67,0,0,0,0,3.33,0,0,0,0,0,0,0,0,0,0,0,90,"T5",41.5,"Feb-21","FLIN-02","Feb_21",3.33,0
"21","Feb_21|FLIN-02|T6","FLIN-02","T6",43.3,0,10,0,0,0,0,10.94,0,0,0,0,9.38,4.69,1.56,0,0,0,0,1.56,0,0,0,4.69,67.19,"T6",43.3,"Feb-21","FLIN-02","Feb_21",9.38,6.25
"22","Feb_21|FLIN-02|T7","FLIN-02","T7",44,1,3,0,0,1,0,7.58,0,0,3.03,0,9.09,6.06,1.52,0,1.52,0,0,1.52,0,0,1.52,0,68.18,"T7",44,"Feb-21","FLIN-02","Feb_21",12.12,1.52
"23","Feb_21|FRED-01|T1","FRED-01","T1",34.8,1,7,0,1,0,0,0,1.52,0,0,0,62.12,0,0,0,0,0,0,0,0,0,0,4.55,31.82,"T1",34.8,"Feb-21","FRED-01","Feb_21",62.12,4.55
"24","Feb_21|HERA-01|T2","HERA-01","T2",35.3,2,0,0,8,0,0,0,3.39,0,1.69,0,20.34,1.69,0,0,0,3.39,0,1.69,0,0,0,0,67.8,"T2",35.3,"Feb-21","HERA-01","Feb_21",22.03,5.08
"25","Feb_21|HERA-01|T4","HERA-01","T4",43.5,2,8,0,1,0,0,0,0,0,5.66,0,0,0,0,0,0,0,0,0,0,0,0,0,94.34,"T4",43.5,"Feb-21","HERA-01","Feb_21",5.66,0
"26","Feb_21|HERA-01|T5","HERA-01","T5",43.8,2,9,0,1,0,1,0,4.65,0,0,0,68.6,4.65,0,0,0,0,0,1.16,0,0,0,0,20.93,"T5",43.8,"Feb-21","HERA-01","Feb_21",68.6,1.16
"27","Feb_21|HERA-01|T6","HERA-01","T6",41.7,2,18,2,4,0,0,0,0,0,0,0,60.47,8.14,0,0,1.16,1.16,0,0,2.33,0,0,0,26.74,"T6",41.7,"Feb-21","HERA-01","Feb_21",60.47,3.49
"28","Feb_21|HERA-01|T7","HERA-01","T7",40.5,2,10,1,8,0,8,0,0,0,0,0,58.97,0,0,0,0,2.56,0,0,0,0,0,1.28,37.18,"T7",40.5,"Feb-21","HERA-01","Feb_21",58.97,3.84
"29","Feb_21|HERA-01|T8","HERA-01","T8",40.4,2,20,0,3,4,1,0,10,0,0,0,47.5,2.5,0,0,0,0,1.25,0,3.75,0,0,0,35,"T8",40.4,"Feb-21","HERA-01","Feb_21",47.5,5
"30","Feb_21|HERA-01|T9","HERA-01","T9",37.1,3,14,3,8,0,3,0,1.47,0,0,0,58.82,7.35,0,0,0,1.47,0,0,5.88,0,0,0,25,"T9",37.1,"Feb-21","HERA-01","Feb_21",58.82,7.35
"31","Feb_21|HOLM-02|T1","HOLM-02","T1",62.7,3,2,0,0,0,0,25.4,6.35,0,15.87,0,1.59,33.33,0,0,4.76,0,0,0,0,0,0,0,12.7,"T1",62.7,"Feb-21","HOLM-02","Feb_21",17.46,0
"32","Feb_21|HOLM-02|T10","HOLM-02","T10",37,2,10,0,2,0,1,15.62,0,3.12,0,0,21.88,12.5,1.56,0,4.69,1.56,3.12,3.12,0,0,0,3.12,29.69,"T10",37,"Feb-21","HOLM-02","Feb_21",21.88,10.92
"33","Feb_21|HOLM-02|T11","HOLM-02","T11",35,2,11,1,5,0,1,NA,NA,NA,NA,NA,NA,NA,NA,NA,NA,NA,NA,NA,NA,NA,NA,NA,NA,NA,NA,NA,NA,NA,NA,NA
"34","Feb_21|HOLM-02|T12","HOLM-02","T12",31.2,2,3,0,1,0,2,NA,NA,NA,NA,NA,NA,NA,NA,NA,NA,NA,NA,NA,NA,NA,NA,NA,NA,NA,NA,NA,NA,NA,NA,NA
"35","Feb_21|HOLM-02|T13","HOLM-02","T13",28,2,8,0,10,0,3,NA,NA,NA,NA,NA,NA,NA,NA,NA,NA,NA,NA,NA,NA,NA,NA,NA,NA,NA,NA,NA,NA,NA,NA,NA
"36","Feb_21|HOLM-02|T2","HOLM-02","T2",63.7,3,6,0,0,0,0,17.65,0,0,19.12,0,5.88,26.47,0,0,2.94,1.47,7.35,4.41,1.47,0,0,1.47,11.76,"T2",63.7,"Feb-21","HOLM-02","Feb_21",25,16.17
"37","Feb_21|HOLM-02|T4","HOLM-02","T4",63.2,4,4,2,0,0,0,14.86,0,0,25.68,0,1.35,28.38,0,0,2.7,0,0,0,0,0,0,0,27.03,"T4",63.2,"Feb-21","HOLM-02","Feb_21",27.03,0
"38","Feb_21|HOLM-02|T6","HOLM-02","T6",56.6,3,3,0,0,0,0,14.71,2.94,1.47,8.82,0,4.41,26.47,1.47,0,8.82,2.94,10.29,0,0,0,0,0,17.65,"T6",56.6,"Feb-21","HOLM-02","Feb_21",13.23,13.23
"39","Feb_21|HOLM-02|T7","HOLM-02","T7",54.5,4,3,0,0,0,0,17.65,0,0,41.18,0,1.47,20.59,0,0,2.94,1.47,4.41,1.47,1.47,0,0,0,7.35,"T7",54.5,"Feb-21","HOLM-02","Feb_21",42.65,8.82
"40","Feb_21|HOLM-02|T9","HOLM-02","T9",45,4,2,0,0,0,0,17.57,0,10.81,4.05,0,9.46,20.27,0,0,2.7,8.11,8.11,1.35,1.35,0,0,0,16.22,"T9",45,"Feb-21","HOLM-02","Feb_21",13.51,18.92
"41","Feb_21|KENN-01|T1","KENN-01","T1",40.8,4,5,1,4,0,2,4,24,0,0,0,16,7,2,0,0,10,6,4,14,9,1,3,0,"T1",40.8,"Feb-21","KENN-01","Feb_21",16,37
"42","Feb_21|KENN-01|T2","KENN-01","T2",31.1,4,4,0,3,1,2,6.85,17.81,0,0,0,2.74,15.07,0,0,0,6.85,5.48,13.7,15.07,0,0,6.85,9.59,"T2",31.1,"Feb-21","KENN-01","Feb_21",2.74,47.95
"43","Feb_21|KENN-01|T3","KENN-01","T3",31.4,3,29,3,5,1,4,8.2,21.31,1.64,0,0,9.84,6.56,0,0,3.28,8.2,6.56,8.2,8.2,0,3.28,3.28,11.48,"T3",31.4,"Feb-21","KENN-01","Feb_21",9.84,34.44
"44","Feb_21|KENN-01|T4","KENN-01","T4",32.3,3,8,0,0,0,0,15.15,15.15,6.06,0,0,3.03,15.15,0,0,1.52,7.58,4.55,3.03,4.55,0,0,12.12,12.12,"T4",32.3,"Feb-21","KENN-01","Feb_21",3.03,31.83
"45","Feb_21|MARI-01|T1","MARI-01","T1",33.9,2,1,0,7,0,1,8.51,10.64,0,0,0,23.4,0,0,0,0,4.26,0,0,0,0,0,0,53.19,"T1",33.9,"Feb-21","MARI-01","Feb_21",23.4,4.26
"46","Feb_21|MARI-01|T6","MARI-01","T6",35,1,1,0,4,0,1,0,11.11,0,8.89,0,17.78,0,0,0,0,0,0,0,0,0,0,0,62.22,"T6",35,"Feb-21","MARI-01","Feb_21",26.67,0
"47","Feb_21|OSPR-01|T12","OSPR-01","T12",44.7,3.5,1,0,0,0,0,2.78,27.78,0,0,0,0,30.56,1.39,0,1.39,0,5.56,23.61,0,0,0,0,6.94,"T12",61.4,"Feb-21","OSPR-01","Feb_21",0,29.17
"48","Feb_21|OSPR-01|T14","OSPR-01","T14",55,3,3,0,0,1,0,0,33.33,0,0,0,0,47.62,4.76,0,1.59,0,7.94,3.17,0,0,0,1.59,0,"T14",54.6,"Feb-21","OSPR-01","Feb_21",0,12.7
"49","Feb_21|OSPR-01|T15","OSPR-01","T15",52.4,4,1,0,0,1,1,2.6,32.47,0,0,0,0,48.05,0,0,2.6,0,3.9,1.3,0,0,0,1.3,7.79,"T15",59.8,"Feb-21","OSPR-01","Feb_21",0,6.5
"50","Feb_21|OSPR-01|T16","OSPR-01","T16",38.2,2.5,1,0,0,0,1,NA,NA,NA,NA,NA,NA,NA,NA,NA,NA,NA,NA,NA,NA,NA,NA,NA,NA,NA,NA,NA,NA,NA,NA,NA
"51","Feb_21|OSPR-01|T16","OSPR-01","T16",66.2,3,1,0,0,0,0,NA,NA,NA,NA,NA,NA,NA,NA,NA,NA,NA,NA,NA,NA,NA,NA,NA,NA,NA,NA,NA,NA,NA,NA,NA
"52","Feb_21|OSPR-01|T17","OSPR-01","T17",35.3,2.5,2,1,1,0,1,NA,NA,NA,NA,NA,NA,NA,NA,NA,NA,NA,NA,NA,NA,NA,NA,NA,NA,NA,NA,NA,NA,NA,NA,NA
"53","Feb_21|OSPR-01|T18","OSPR-01","T18",33.3,3,3,0,1,0,0,NA,NA,NA,NA,NA,NA,NA,NA,NA,NA,NA,NA,NA,NA,NA,NA,NA,NA,NA,NA,NA,NA,NA,NA,NA
"54","Feb_21|OSPR-01|T19","OSPR-01","T19",28.2,2.5,1,1,0,2,1,NA,NA,NA,NA,NA,NA,NA,NA,NA,NA,NA,NA,NA,NA,NA,NA,NA,NA,NA,NA,NA,NA,NA,NA,NA
"55","Feb_21|OSPR-01|T19","OSPR-01","T19",53.2,3,0,1,0,0,0,NA,NA,NA,NA,NA,NA,NA,NA,NA,NA,NA,NA,NA,NA,NA,NA,NA,NA,NA,NA,NA,NA,NA,NA,NA
"56","Feb_21|OSPR-01|T21","OSPR-01","T21",21.8,2.5,8,1,2,1,1,NA,NA,NA,NA,NA,NA,NA,NA,NA,NA,NA,NA,NA,NA,NA,NA,NA,NA,NA,NA,NA,NA,NA,NA,NA
"57","Feb_21|OSPR-01|T21","OSPR-01","T21",52.8,4,1,0,0,1,0,NA,NA,NA,NA,NA,NA,NA,NA,NA,NA,NA,NA,NA,NA,NA,NA,NA,NA,NA,NA,NA,NA,NA,NA,NA
"58","Feb_21|OSPR-01|T22","OSPR-01","T22",18.8,3,2,0,0,0,1,NA,NA,NA,NA,NA,NA,NA,NA,NA,NA,NA,NA,NA,NA,NA,NA,NA,NA,NA,NA,NA,NA,NA,NA,NA
"59","Feb_21|OSPR-01|T22","OSPR-01","T22",47.8,2,4,0,5,0,0,NA,NA,NA,NA,NA,NA,NA,NA,NA,NA,NA,NA,NA,NA,NA,NA,NA,NA,NA,NA,NA,NA,NA,NA,NA
"60","Feb_21|OSPR-01|T23","OSPR-01","T23",16.4,3,4,0,0,1,1,NA,NA,NA,NA,NA,NA,NA,NA,NA,NA,NA,NA,NA,NA,NA,NA,NA,NA,NA,NA,NA,NA,NA,NA,NA
"61","Feb_21|OSPR-01|T24","OSPR-01","T24",14.1,2.5,3,0,11,0,0,NA,NA,NA,NA,NA,NA,NA,NA,NA,NA,NA,NA,NA,NA,NA,NA,NA,NA,NA,NA,NA,NA,NA,NA,NA
"62","Feb_21|OSPR-01|T24","OSPR-01","T24",41.2,4,1,0,0,0,0,NA,NA,NA,NA,NA,NA,NA,NA,NA,NA,NA,NA,NA,NA,NA,NA,NA,NA,NA,NA,NA,NA,NA,NA,NA
"63","Feb_21|OSPR-01|T25","OSPR-01","T25",9.1,2.5,11,0,12,2,1,NA,NA,NA,NA,NA,NA,NA,NA,NA,NA,NA,NA,NA,NA,NA,NA,NA,NA,NA,NA,NA,NA,NA,NA,NA
"64","Feb_21|OSPR-01|T25","OSPR-01","T25",32.8,3,1,0,2,0,0,NA,NA,NA,NA,NA,NA,NA,NA,NA,NA,NA,NA,NA,NA,NA,NA,NA,NA,NA,NA,NA,NA,NA,NA,NA
"65","Feb_21|OSPR-01|T26","OSPR-01","T26",7.1,2.5,0,0,16,1,2,NA,NA,NA,NA,NA,NA,NA,NA,NA,NA,NA,NA,NA,NA,NA,NA,NA,NA,NA,NA,NA,NA,NA,NA,NA
"66","Feb_21|OSPR-01|T26","OSPR-01","T26",35.7,2.5,2,0,1,0,0,NA,NA,NA,NA,NA,NA,NA,NA,NA,NA,NA,NA,NA,NA,NA,NA,NA,NA,NA,NA,NA,NA,NA,NA,NA
"67","Feb_21|OSPR-01|T27","OSPR-01","T27",7,2.5,0,1,9,1,0,NA,NA,NA,NA,NA,NA,NA,NA,NA,NA,NA,NA,NA,NA,NA,NA,NA,NA,NA,NA,NA,NA,NA,NA,NA
"68","Feb_21|OSPR-01|T27","OSPR-01","T27",36.6,3,3,0,2,0,1,NA,NA,NA,NA,NA,NA,NA,NA,NA,NA,NA,NA,NA,NA,NA,NA,NA,NA,NA,NA,NA,NA,NA,NA,NA
"69","Feb_21|OSPR-01|T28","OSPR-01","T28",28.8,3,0,0,3,0,3,NA,NA,NA,NA,NA,NA,NA,NA,NA,NA,NA,NA,NA,NA,NA,NA,NA,NA,NA,NA,NA,NA,NA,NA,NA
"70","Feb_21|OSPR-01|T29","OSPR-01","T29",25.5,2.5,1,0,0,7,1,NA,NA,NA,NA,NA,NA,NA,NA,NA,NA,NA,NA,NA,NA,NA,NA,NA,NA,NA,NA,NA,NA,NA,NA,NA
"71","Feb_21|OSPR-01|T3","OSPR-01","T3",77.2,3,2,0,0,0,0,0,82.5,0,0,0,0,17.5,0,0,0,0,0,0,0,0,0,0,0,"T3",94.1,"Feb-21","OSPR-01","Feb_21",0,0
"72","Feb_21|OSPR-01|T30","OSPR-01","T30",23.7,3,0,0,7,0,3,NA,NA,NA,NA,NA,NA,NA,NA,NA,NA,NA,NA,NA,NA,NA,NA,NA,NA,NA,NA,NA,NA,NA,NA,NA
"73","Feb_21|OSPR-01|T31","OSPR-01","T31",18.9,3,0,0,1,0,0,NA,NA,NA,NA,NA,NA,NA,NA,NA,NA,NA,NA,NA,NA,NA,NA,NA,NA,NA,NA,NA,NA,NA,NA,NA
"74","Feb_21|OSPR-01|T32","OSPR-01","T32",15.4,2.5,2,0,3,0,3,NA,NA,NA,NA,NA,NA,NA,NA,NA,NA,NA,NA,NA,NA,NA,NA,NA,NA,NA,NA,NA,NA,NA,NA,NA
"75","Feb_21|OSPR-01|T33","OSPR-01","T33",12.7,3,1,0,2,0,0,NA,NA,NA,NA,NA,NA,NA,NA,NA,NA,NA,NA,NA,NA,NA,NA,NA,NA,NA,NA,NA,NA,NA,NA,NA
"76","Feb_21|OSPR-01|T34","OSPR-01","T34",5.1,1,3,1,16,10,0,NA,NA,NA,NA,NA,NA,NA,NA,NA,NA,NA,NA,NA,NA,NA,NA,NA,NA,NA,NA,NA,NA,NA,NA,NA
"77","Feb_21|OSPR-01|T35","OSPR-01","T35",7.1,1,2,0,8,6,0,NA,NA,NA,NA,NA,NA,NA,NA,NA,NA,NA,NA,NA,NA,NA,NA,NA,NA,NA,NA,NA,NA,NA,NA,NA
"78","Feb_21|OSPR-01|T36","OSPR-01","T36",9.1,1,2,0,3,0,0,NA,NA,NA,NA,NA,NA,NA,NA,NA,NA,NA,NA,NA,NA,NA,NA,NA,NA,NA,NA,NA,NA,NA,NA,NA
"79","Feb_21|OSPR-01|T7","OSPR-01","T7",67.8,3.5,1,0,0,0,0,5.06,18.99,0,0,0,0,25.32,0,0,2.53,0,0,45.57,0,0,0,0,2.53,"T7",71.6,"Feb-21","OSPR-01","Feb_21",0,45.57
"80","Feb_21|OSPR-01|T7","OSPR-01","T7",96.3,2,0,0,0,0,1,5.06,18.99,0,0,0,0,25.32,0,0,2.53,0,0,45.57,0,0,0,0,2.53,"T7",71.6,"Feb-21","OSPR-01","Feb_21",0,45.57
"81","Feb_21|OSPR-01|T8","OSPR-01","T8",65.8,4,2,0,0,0,0,6.49,31.17,0,0,0,0,25.97,0,0,2.6,0,1.3,20.78,0,0,0,0,11.69,"T8",74.4,"Feb-21","OSPR-01","Feb_21",0,22.08
"82","Feb_21|OSPR-01|T9","OSPR-01","T9",63.2,3,2,0,0,0,0,4.05,37.84,0,1.35,0,0,28.38,0,0,4.05,0,2.7,16.22,0,0,2.7,0,2.7,"T9",77.2,"Feb-21","OSPR-01","Feb_21",1.35,18.92
"83","Feb_21|SAUM-01|T2","SAUM-01","T2",29.6,1,2,0,0,0,0,0,11.11,0,0,0,33.33,0,0,0,0,0,0,0,0,0,0,0,55.56,"T2",29.6,"Feb-21","SAUM-01","Feb_21",33.33,0
"84","Feb_21|SAUM-01|T4","SAUM-01","T4",29.6,0,6,0,0,0,0,0,0,0,14.58,0,18.75,2.08,0,0,10.42,0,0,0,0,0,0,0,54.17,"T4",29.6,"Feb-21","SAUM-01","Feb_21",33.33,0
"85","Feb_21|SAUM-01|T5","SAUM-01","T5",29.5,1,13,2,0,0,0,0,0,0,11.32,0,39.62,0,0,0,5.66,0,0,0,0,0,0,0,43.4,"T5",29.5,"Feb-21","SAUM-01","Feb_21",50.94,0
"86","Feb_21|SAUM-01|T6","SAUM-01","T6",29.9,1,6,0,0,0,0,NA,NA,NA,NA,NA,NA,NA,NA,NA,NA,NA,NA,NA,NA,NA,NA,NA,NA,NA,NA,NA,NA,NA,NA,NA
"87","Feb_21|WILL-01|T1","WILL-01","T1",35.2,3,3,0,6,0,1,6.82,20.45,4.55,0,0,15.91,9.09,1.14,0,0,5.68,5.68,3.41,3.41,0,1.14,1.14,21.59,"T1",35.2,"Feb-21","WILL-01","Feb_21",15.91,19.32
"88","Feb_21|WILL-01|T10","WILL-01","T10",50.4,3,0,0,3,1,2,5.56,4.44,0,7.78,0,11.11,5.56,0,0,3.33,0,0,0,0,0,0,1.11,61.11,"T10",50.4,"Feb-21","WILL-01","Feb_21",18.89,1.11
"89","Feb_21|WILL-01|T11","WILL-01","T11",50.1,3,4,0,2,0,0,0,33.33,0,0,0,16.67,0,0,0,0,0,0,0,0,0,0,0,50,"T11",50.1,"Feb-21","WILL-01","Feb_21",16.67,0
"90","Feb_21|WILL-01|T12","WILL-01","T12",40,3,1,0,0,0,0,6.06,19.7,10.61,0,0,19.7,3.03,0,0,1.52,0,1.52,4.55,0,0,1.52,7.58,24.24,"T12",40,"Feb-21","WILL-01","Feb_21",19.7,13.65
"91","Feb_21|WILL-01|T13","WILL-01","T13",43,3,2,0,1,0,0,4.05,20.27,0,4.05,0,41.89,1.35,0,0,1.35,0,1.35,8.11,0,0,0,4.05,13.51,"T13",43,"Feb-21","WILL-01","Feb_21",45.94,13.51
"92","Feb_21|WILL-01|T14","WILL-01","T14",42,3,1,0,0,0,0,18.03,4.92,1.64,0,0,21.31,6.56,1.64,0,3.28,0,3.28,1.64,4.92,0,0,3.28,29.51,"T14",42,"Feb-21","WILL-01","Feb_21",21.31,13.12
"93","Feb_21|WILL-01|T15","WILL-01","T15",42,3,10,0,2,0,3,14.75,11.48,0,0,0,24.59,4.92,0,0,1.64,1.64,6.56,1.64,4.92,0,0,9.84,18.03,"T15",42,"Feb-21","WILL-01","Feb_21",24.59,24.6
"94","Feb_21|WILL-01|T2","WILL-01","T2",42.3,4,6,0,0,0,0,0,10,0,1.25,0,40,11.25,1.25,0,1.25,1.25,0,3.75,1.25,0,1.25,1.25,26.25,"T2",42.3,"Feb-21","WILL-01","Feb_21",41.25,7.5
"95","Feb_21|WILL-01|T3","WILL-01","T3",44.4,4,1,0,0,0,0,0,7.04,0,2.82,0,38.03,14.08,1.41,0,0,0,1.41,0,1.41,0,0,2.82,30.99,"T3",44.4,"Feb-21","WILL-01","Feb_21",40.85,5.64
"96","Feb_21|WILL-01|T4","WILL-01","T4",51.5,3,3,0,2,0,0,0,10.45,0,2.99,0,13.43,19.4,0,0,2.99,0,0,0,0,0,0,4.48,46.27,"T4",51.5,"Feb-21","WILL-01","Feb_21",16.42,4.48
"97","Feb_21|WILL-01|T5","WILL-01","T5",52.3,3,1,0,0,0,0,4.55,4.55,0,13.64,0,10.61,16.67,1.52,0,3.03,0,0,3.03,0,0,0,4.55,37.88,"T5",52.3,"Feb-21","WILL-01","Feb_21",24.25,7.58
"98","Feb_21|WILL-01|T6","WILL-01","T6",52.3,3,2,0,0,0,1,0,0,0,3.8,0,0,7.59,5.06,0,0,0,0,0,0,0,0,0,83.54,"T6",52.3,"Feb-21","WILL-01","Feb_21",3.8,0
"99","Feb_21|WILL-01|T8","WILL-01","T8",44.8,2,1,0,0,0,0,6.58,19.74,0,0,0,23.68,2.63,0,0,0,0,0,3.95,0,0,0,3.95,39.47,"T8",44.8,"Feb-21","WILL-01","Feb_21",23.68,7.9
"100","Feb_21|WILL-01|T9","WILL-01","T9",44.1,2,3,0,0,0,2,10.26,20.51,0,0,0,11.54,3.85,1.28,0,6.41,0,0,0,0,0,0,3.85,42.31,"T9",44.1,"Feb-21","WILL-01","Feb_21",11.54,3.85
"101","Feb_21|WREC-01|T1","WREC-01","T1",31.5,3,7,0,3,0,3,38.18,10.91,0,0,0,9.09,1.82,1.82,0,0,16.36,5.45,3.64,12.73,0,0,0,0,"T1",31.5,"Feb-21","WREC-01","Feb_21",9.09,38.18
"102","Feb_21|WREC-01|T2","WREC-01","T2",36.5,3,4,0,10,0,5,25.58,18.6,0,0,0,32.56,0,0,0,0,4.65,2.33,4.65,6.98,0,0,0,4.65,"T2",36.5,"Feb-21","WREC-01","Feb_21",32.56,18.61
"103","Feb_21|WREC-01|T3","WREC-01","T3",36.3,3,15,0,14,0,2,35.19,11.11,0,0,0,18.52,1.85,1.85,0,1.85,5.56,0,1.85,9.26,0,0,1.85,11.11,"T3",36.3,"Feb-21","WREC-01","Feb_21",18.52,18.52
"104","Feb_22|HSUP-01|T1","HSUP-01","T1",61.3,4,2,0,0,0,0,51.61,0,0,0,0,0,32.26,0,0,9.68,3.23,0,3.23,0,0,0,0,0,"T1",61.3,"Feb-22","HSUP-01","Feb_22",0,6.46
"105","Feb_22|HSUP-01|T2","HSUP-01","T2",55.5,5,3,0,1,0,0,42.11,1.32,0,2.63,0,5.26,18.42,0,0,0,2.63,3.95,3.95,1.32,0,0,1.32,17.11,"T2",55.5,"Feb-22","HSUP-01","Feb_22",7.89,13.17
"106","Feb_22|HSUP-01|T3","HSUP-01","T3",47.6,4,6,0,3,0,0,34.85,0,0,0,0,15.15,28.79,1.52,0,0,1.52,4.55,1.52,0,0,0,1.52,10.61,"T3",47.6,"Feb-22","HSUP-01","Feb_22",15.15,9.11
"107","Feb_22|HSUP-01|T4","HSUP-01","T4",39.6,4,16,0,5,0,0,37.88,1.52,1.52,4.55,0,9.09,19.7,0,0,0,4.55,12.12,0,3.03,0,0,0,6.06,"T4",39.6,"Feb-22","HSUP-01","Feb_22",13.64,19.7
"108","Feb_22|HSUP-01|T5","HSUP-01","T5",28.4,4,20,2,21,1,1,48.68,0,0,0,0,0,23.68,0,0,2.63,9.21,1.32,7.89,0,0,0,1.32,5.26,"T5",28.4,"Feb-22","HSUP-01","Feb_22",0,19.74
"109","Feb_22|HSUP-01|T6","HSUP-01","T6",18.6,3,6,3,12,1,2,30.14,0,0,8.22,0,0,17.81,1.37,0,4.11,15.07,4.11,9.59,4.11,0,2.74,2.74,0,"T6",18.6,"Feb-22","HSUP-01","Feb_22",8.22,35.62
"110","Feb_22|HSUP-01|T7","HSUP-01","T7",13.7,2,14,5,9,5,4,76.71,0,0,0,0,0,0,2.74,0,0,5.48,0,6.85,0,2.74,4.11,1.37,0,"T7",13.7,"Feb-22","HSUP-01","Feb_22",0,13.7
"111","Feb_22|HSUP-01|T8","HSUP-01","T8",9.6,2,1,1,6,2,20,33.85,0,0,6.15,44.62,0,1.54,0,0,0,9.23,0,0,0,1.54,0,3.08,0,"T8",9.6,"Feb-22","HSUP-01","Feb_22",6.15,12.31
"112","Jul_21|EDNA-01|T10","EDNA-01","T10",19.1,3,3,0,0,0,0,NA,NA,NA,NA,NA,NA,NA,NA,NA,NA,NA,NA,NA,NA,NA,NA,NA,NA,NA,NA,NA,NA,NA,NA,NA
"113","Jul_21|EDNA-01|T11","EDNA-01","T11",14,3,0,0,12,0,0,NA,NA,NA,NA,NA,NA,NA,NA,NA,NA,NA,NA,NA,NA,NA,NA,NA,NA,NA,NA,NA,NA,NA,NA,NA
"114","Jul_21|EDNA-01|T12","EDNA-01","T12",9.8,1,24,6,4,0,0,NA,NA,NA,NA,NA,NA,NA,NA,NA,NA,NA,NA,NA,NA,NA,NA,NA,NA,NA,NA,NA,NA,NA,NA,NA
"115","Jul_21|EDNA-01|T3","EDNA-01","T3",79,5,4,2,0,0,3,0,25.71,0,0,0,0,2.86,0,0,0,0,0,71.43,0,0,0,0,0,"T3",79,"Jul-21","EDNA-01","Jul_21",0,71.43
"116","Jul_21|EDNA-01|T7","EDNA-01","T7",48,3,3,0,0,0,0,NA,NA,NA,NA,NA,NA,NA,NA,NA,NA,NA,NA,NA,NA,NA,NA,NA,NA,NA,NA,NA,NA,NA,NA,NA
"117","Jul_21|EDNA-01|T8","EDNA-01","T8",39,4,10,0,3,0,6,NA,NA,NA,NA,NA,NA,NA,NA,NA,NA,NA,NA,NA,NA,NA,NA,NA,NA,NA,NA,NA,NA,NA,NA,NA
"118","Jul_21|EDNA-01|T9","EDNA-01","T9",26.7,3,7,0,11,0,0,NA,NA,NA,NA,NA,NA,NA,NA,NA,NA,NA,NA,NA,NA,NA,NA,NA,NA,NA,NA,NA,NA,NA,NA,NA
"119","Jul_21|JULI-01|T1","JULI-01","T1",98,4,1,0,0,0,0,0,30.91,0,0,0,0,18.18,9.09,0,3.64,0,0,18.18,0,0,0,0,20,"T1",98,"Jul-21","JULI-01","Jul_21",0,18.18
"120","Jul_21|JULI-01|T3","JULI-01","T3",68,3,4,0,0,0,0,1.52,6.06,0,0,0,10.61,30.3,6.06,0,6.06,0,0,0,0,0,0,1.52,37.88,"T3",68,"Jul-21","JULI-01","Jul_21",10.61,1.52
"121","Jul_21|JULI-01|T7","JULI-01","T7",34.9,3,14,0,6,1,1,32.31,3.08,0,0,0,3.08,7.69,0,0,30.77,6.15,1.54,6.15,0,0,0,6.15,3.08,"T7",34.9,"Jul-21","JULI-01","Jul_21",3.08,19.99
"122","Jul_21|JULI-01|T8","JULI-01","T8",28,3,0,0,5,0,0,44.23,0,0,0,0,5.77,15.38,0,0,23.08,5.77,3.85,0,0,0,0,1.92,0,"T8",28,"Jul-21","JULI-01","Jul_21",5.77,11.54
"123","Jul_21|JULI-02|T2","JULI-02","T2",94.2,3,0,0,0,0,1,25,0,0,12.5,0,2.08,2.08,4.17,0,2.08,8.33,0,0,0,0,0,0,43.75,"T2",91.4,"Jul-21","JULI-02","Jul_21",14.58,8.33
"124","Jul_21|JULI-02|T3","JULI-02","T3",86.4,3,0,0,0,0,1,24.14,1.72,0,48.28,1.72,5.17,1.72,0,0,3.45,10.34,0,3.45,0,0,0,0,0,"T3",88.2,"Jul-21","JULI-02","Jul_21",53.45,13.79
"125","Jul_21|JULI-02|T4","JULI-02","T4",77,3.5,2,0,3,0,0,0,42.19,0,0,0,0,7.81,0,0,37.5,0,0,6.25,0,0,0,0,6.25,"T4",77,"Jul-21","JULI-02","Jul_21",0,6.25
"126","Jul_21|JULI-02|T5","JULI-02","T5",67.1,3,4,0,0,1,3,0,46.67,0,0,0,0,12,0,0,18.67,0,2.67,20,0,0,0,0,0,"T5",66.8,"Jul-21","JULI-02","Jul_21",0,22.67
"127","Jul_21|JULI-02|T6","JULI-02","T6",59.1,1.5,0,0,0,0,2,0,30.65,0,0,0,0,24.19,1.61,0,8.06,0,11.29,24.19,0,0,0,0,0,"T6",57.2,"Jul-21","JULI-02","Jul_21",0,35.48
"128","Jul_21|JULI-02|T8","JULI-02","T8",47.6,1.5,11,2,3,0,0,0,2.56,0,0,0,0,0,30.77,0,14.1,0,0,0,0,0,0,0,52.56,"T8",47.7,"Jul-21","JULI-02","Jul_21",0,0
"129","Jul_21|JULI-02|T9","JULI-02","T9",35.4,3,4,0,4,0,1,0,0,0,62,0,0,0,2,0,2,0,0,0,0,0,0,0,34,"T9",35.7,"Jul-21","JULI-02","Jul_21",62,0
