"","turf_algae","rock","hydrocoral","halimeda","cca","macroalgae","complex_octocoral","other_octocoral","seagrass","sponge","HC_complex","HC_encrusting","HC_plate","HC_other","HC_bleached","HC_dead","HC_massive_submass","unconsolidated_subs","Transect","Depth","Survey","Site_recode","Survey_recode","New_ID","total_macroalgae","total_hard_coral"
"1",12,32,0,0,0,0,12,0,0,2,0,30,12,0,0,0,0,0,"T1",65,"Feb-21","BOUG-01","Feb_21","Feb_21|BOUG-01|T1",0,42
"2",12.7,6.35,0,22.22,0,0,6.35,3.17,0,7.94,0,19.05,22.22,0,0,0,0,0,"T10",54.7,"Feb-21","BOUG-01","Feb_21","Feb_21|BOUG-01|T10",22.22,41.27
"3",45.9,0,0,13.11,0,0,11.48,0,0,1.64,0,16.39,9.84,0,0,0,0,1.64,"T11",47.4,"Feb-21","BOUG-01","Feb_21","Feb_21|BOUG-01|T11",13.11,26.23
"4",35.21,2.82,0,0,0,0,0,2.82,0,2.82,0,22.54,33.8,0,0,0,0,0,"T12",45.5,"Feb-21","BOUG-01","Feb_21","Feb_21|BOUG-01|T12",0,56.34
"5",36.07,3.28,0,22.95,0,0,3.28,0,0,1.64,0,4.92,27.87,0,0,0,0,0,"T13",45,"Feb-21","BOUG-01","Feb_21","Feb_21|BOUG-01|T13",22.95,32.79
"6",28.75,0,0,22.5,0,6.25,1.25,1.25,0,0,0,5,35,0,0,0,0,0,"T14",43.7,"Feb-21","BOUG-01","Feb_21","Feb_21|BOUG-01|T14",28.75,40
"7",22.08,2.6,0,6.49,0,3.9,1.3,3.9,0,1.3,1.3,7.79,45.45,0,0,0,3.9,0,"T15",38.6,"Feb-21","BOUG-01","Feb_21","Feb_21|BOUG-01|T15",10.39,58.44
"8",30.43,4.35,0,8.7,0,4.35,0,4.35,0,2.9,0,14.49,28.99,0,0,0,1.45,0,"T16",36.4,"Feb-21","BOUG-01","Feb_21","Feb_21|BOUG-01|T16",13.05,44.93
"9",31.75,3.17,0,3.17,0,0,0,1.59,0,1.59,0,12.7,39.68,1.59,0,1.59,3.17,0,"T17",35.1,"Feb-21","BOUG-01","Feb_21","Feb_21|BOUG-01|T17",3.17,57.14
"10",33.8,0,0,23.94,0,0,0,1.41,0,1.41,0,19.72,19.72,0,0,0,0,0,"T18",28.5,"Feb-21","BOUG-01","Feb_21","Feb_21|BOUG-01|T18",23.94,39.44
"11",24.62,4.62,0,10.77,0,0,0,1.54,0,1.54,3.08,38.46,6.15,0,0,0,9.23,0,"T19",22.3,"Feb-21","BOUG-01","Feb_21","Feb_21|BOUG-01|T19",10.77,56.92
"12",10.64,31.91,0,0,0,0,14.89,0,0,0,0,8.51,34.04,0,0,0,0,0,"T2",66.7,"Feb-21","BOUG-01","Feb_21","Feb_21|BOUG-01|T2",0,42.55
"13",35.29,22.06,0,4.41,0,0,11.76,0,0,1.47,0,2.94,20.59,0,0,0,0,1.47,"T3",66.3,"Feb-21","BOUG-01","Feb_21","Feb_21|BOUG-01|T3",4.41,23.53
"14",37.18,12.82,0,0,0,0,17.95,1.28,0,1.28,0,7.69,20.51,1.28,0,0,0,0,"T4",67.8,"Feb-21","BOUG-01","Feb_21","Feb_21|BOUG-01|T4",0,29.48
"15",5.41,13.51,0,0,0,0,12.16,9.46,0,2.7,0,22.97,33.78,0,0,0,0,0,"T5",67.3,"Feb-21","BOUG-01","Feb_21","Feb_21|BOUG-01|T5",0,56.75
"16",21.92,19.18,0,0,0,0,2.74,10.96,0,0,0,27.4,17.81,0,0,0,0,0,"T6",58.1,"Feb-21","BOUG-01","Feb_21","Feb_21|BOUG-01|T6",0,45.21
"17",29.23,4.62,0,0,0,0,9.23,10.77,0,6.15,0,16.92,23.08,0,0,0,0,0,"T7",57.8,"Feb-21","BOUG-01","Feb_21","Feb_21|BOUG-01|T7",0,40
"18",36.51,1.59,0,0,0,0,0,20.63,0,1.59,0,3.17,30.16,0,0,0,0,6.35,"T8",57.2,"Feb-21","BOUG-01","Feb_21","Feb_21|BOUG-01|T8",0,33.33
"19",23.88,1.49,0,0,0,1.49,10.45,4.48,0,2.99,0,26.87,23.88,0,0,0,0,4.48,"T9",57.4,"Feb-21","BOUG-01","Feb_21","Feb_21|BOUG-01|T9",1.49,50.75
"20",0,16.92,0,0,0,0,41.54,3.08,0,13.85,0,0,10.77,0,0,0,0,13.85,"T1",96,"Jul-21","EDNA-01","Jul_21","Jul_21|EDNA-01|T1",0,10.77
"21",0,26.19,0,0,0,0,17.86,0,0,4.76,0,0,51.19,0,0,0,0,0,"T2",86,"Jul-21","EDNA-01","Jul_21","Jul_21|EDNA-01|T2",0,51.19
"22",0,25.71,0,0,0,0,2.86,0,0,0,0,0,71.43,0,0,0,0,0,"T3",79,"Jul-21","EDNA-01","Jul_21","Jul_21|EDNA-01|T3",0,71.43
"23",1.49,5.97,0,0,0,0,20.9,0,0,0,0,0,71.64,0,0,0,0,0,"T4",69,"Jul-21","EDNA-01","Jul_21","Jul_21|EDNA-01|T4",0,71.64
"24",0,1.67,0,58.33,0,0,25,3.33,0,0,0,0,0,0,0,0,0,11.67,"T5",63,"Jul-21","EDNA-01","Jul_21","Jul_21|EDNA-01|T5",58.33,0
"25",0,0,0,81.13,0,0,0,0,0,0,0,0,0,0,0,0,0,18.87,"T6",61,"Jul-21","EDNA-01","Jul_21","Jul_21|EDNA-01|T6",81.13,0
"26",0,0,0,0,0,0,0,0,0,0,0,0,0,0,0,0,0,100,"T1",42.1,"Feb-21","FLIN-02","Feb_21","Feb_21|FLIN-02|T1",0,0
"27",1.67,0,0,8.33,0,0,0,0,0,0,0,0,0,0,0,0,0,90,"T2",40.2,"Feb-21","FLIN-02","Feb_21","Feb_21|FLIN-02|T2",8.33,0
"28",15,0,0,0,0,0,3.33,0,0,0,0,3.33,0,0,0,0,0,78.33,"T3",40,"Feb-21","FLIN-02","Feb_21","Feb_21|FLIN-02|T3",0,3.33
"29",6.67,0,0,0,0,6.67,0,0,0,0,0,0,0,0,0,0,0,86.67,"T4",40,"Feb-21","FLIN-02","Feb_21","Feb_21|FLIN-02|T4",6.67,0
"30",6.67,0,0,0,0,3.33,0,0,0,0,0,0,0,0,0,0,0,90,"T5",41.5,"Feb-21","FLIN-02","Feb_21","Feb_21|FLIN-02|T5",3.33,0
"31",10.94,0,0,0,0,9.38,4.69,1.56,0,0,0,0,1.56,0,0,0,4.69,67.19,"T6",43.3,"Feb-21","FLIN-02","Feb_21","Feb_21|FLIN-02|T6",9.38,6.25
"32",7.58,0,0,3.03,0,9.09,6.06,1.52,0,1.52,0,0,1.52,0,0,1.52,0,68.18,"T7",44,"Feb-21","FLIN-02","Feb_21","Feb_21|FLIN-02|T7",12.12,1.52
"33",22.73,9.09,6.06,0,0,54.55,4.55,0,0,0,0,0,0,1.52,0,0,1.52,0,"T1",35.6,"Feb-21","FLIN-01","Feb_21","Feb_21|FLIN-01|T1",54.55,3.04
"34",21.43,10,0,27.14,0,31.43,4.29,0,0,0,0,1.43,1.43,0,0,0,2.86,0,"T2",37.1,"Feb-21","FLIN-01","Feb_21","Feb_21|FLIN-01|T2",58.57,5.72
"35",35.71,8.57,0,28.57,0,8.57,8.57,0,0,0,1.43,2.86,2.86,0,0,0,2.86,0,"T3",42.1,"Feb-21","FLIN-01","Feb_21","Feb_21|FLIN-01|T3",37.14,10.01
"36",52.17,8.7,0,5.8,0,20.29,1.45,0,0,0,0,4.35,5.8,0,0,0,1.45,0,"T4",35.2,"Feb-21","FLIN-01","Feb_21","Feb_21|FLIN-01|T4",26.09,11.6
"37",11.48,4.92,0,73.77,0,0,4.92,0,0,0,0,0,0,0,0,0,1.64,3.28,"T5",45.4,"Feb-21","FLIN-01","Feb_21","Feb_21|FLIN-01|T5",73.77,1.64
"38",51.39,16.67,0,8.33,0,12.5,0,0,0,1.39,0,0,8.33,0,0,0,1.39,0,"T6",34.3,"Feb-21","FLIN-01","Feb_21","Feb_21|FLIN-01|T6",20.83,9.72
"39",7.81,10.94,0,79.69,0,0,0,0,0,0,0,0,0,0,0,0,1.56,0,"T7",45.2,"Feb-21","FLIN-01","Feb_21","Feb_21|FLIN-01|T7",79.69,1.56
"40",60,0,0,0,0,5,0,0,0,5,10,5,0,0,0,0,0,15,"T9",6.8,"Feb-22","HSUP-01","Feb_22","Feb_22|HSUP-01|T9",5,15
"41",51.61,0,0,0,0,0,32.26,0,0,9.68,3.23,0,3.23,0,0,0,0,0,"T1",61.3,"Feb-22","HSUP-01","Feb_22","Feb_22|HSUP-01|T1",0,6.46
"42",42.11,1.32,0,2.63,0,5.26,18.42,0,0,0,2.63,3.95,3.95,1.32,0,0,1.32,17.11,"T2",55.5,"Feb-22","HSUP-01","Feb_22","Feb_22|HSUP-01|T2",7.89,13.17
"43",34.85,0,0,0,0,15.15,28.79,1.52,0,0,1.52,4.55,1.52,0,0,0,1.52,10.61,"T3",47.6,"Feb-22","HSUP-01","Feb_22","Feb_22|HSUP-01|T3",15.15,9.11
"44",37.88,1.52,1.52,4.55,0,9.09,19.7,0,0,0,4.55,12.12,0,3.03,0,0,0,6.06,"T4",39.6,"Feb-22","HSUP-01","Feb_22","Feb_22|HSUP-01|T4",13.64,19.7
"45",48.68,0,0,0,0,0,23.68,0,0,2.63,9.21,1.32,7.89,0,0,0,1.32,5.26,"T5",28.4,"Feb-22","HSUP-01","Feb_22","Feb_22|HSUP-01|T5",0,19.74
"46",30.14,0,0,8.22,0,0,17.81,1.37,0,4.11,15.07,4.11,9.59,4.11,0,2.74,2.74,0,"T6",18.6,"Feb-22","HSUP-01","Feb_22","Feb_22|HSUP-01|T6",8.22,35.62
"47",76.71,0,0,0,0,0,0,2.74,0,0,5.48,0,6.85,0,2.74,4.11,1.37,0,"T7",13.7,"Feb-22","HSUP-01","Feb_22","Feb_22|HSUP-01|T7",0,13.7
"48",33.85,0,0,6.15,44.62,0,1.54,0,0,0,9.23,0,0,0,1.54,0,3.08,0,"T8",9.6,"Feb-22","HSUP-01","Feb_22","Feb_22|HSUP-01|T8",6.15,12.31
"49",25.4,6.35,0,15.87,0,1.59,33.33,0,0,4.76,0,0,0,0,0,0,0,12.7,"T1",62.7,"Feb-21","HOLM-02","Feb_21","Feb_21|HOLM-02|T1",17.46,0
"50",15.62,0,3.12,0,0,21.88,12.5,1.56,0,4.69,1.56,3.12,3.12,0,0,0,3.12,29.69,"T10",37,"Feb-21","HOLM-02","Feb_21","Feb_21|HOLM-02|T10",21.88,10.92
"51",17.65,0,0,19.12,0,5.88,26.47,0,0,2.94,1.47,7.35,4.41,1.47,0,0,1.47,11.76,"T2",63.7,"Feb-21","HOLM-02","Feb_21","Feb_21|HOLM-02|T2",25,16.17
"52",10.77,18.46,0,18.46,0,0,41.54,0,0,4.62,0,3.08,0,0,0,0,0,3.08,"T3",64.2,"Feb-21","HOLM-02","Feb_21","Feb_21|HOLM-02|T3",18.46,3.08
"53",14.86,0,0,25.68,0,1.35,28.38,0,0,2.7,0,0,0,0,0,0,0,27.03,"T4",63.2,"Feb-21","HOLM-02","Feb_21","Feb_21|HOLM-02|T4",27.03,0
"54",27.94,4.41,0,4.41,0,8.82,20.59,0,0,2.94,1.47,5.88,2.94,0,0,1.47,0,19.12,"T5",63.1,"Feb-21","HOLM-02","Feb_21","Feb_21|HOLM-02|T5",13.23,10.29
"55",14.71,2.94,1.47,8.82,0,4.41,26.47,1.47,0,8.82,2.94,10.29,0,0,0,0,0,17.65,"T6",56.6,"Feb-21","HOLM-02","Feb_21","Feb_21|HOLM-02|T6",13.23,13.23
"56",17.65,0,0,41.18,0,1.47,20.59,0,0,2.94,1.47,4.41,1.47,1.47,0,0,0,7.35,"T7",54.5,"Feb-21","HOLM-02","Feb_21","Feb_21|HOLM-02|T7",42.65,8.82
"57",28.99,0,4.35,1.45,0,11.59,5.8,0,0,1.45,5.8,8.7,1.45,1.45,0,0,0,28.99,"T8",46.6,"Feb-21","HOLM-02","Feb_21","Feb_21|HOLM-02|T8",13.04,17.4
"58",17.57,0,10.81,4.05,0,9.46,20.27,0,0,2.7,8.11,8.11,1.35,1.35,0,0,0,16.22,"T9",45,"Feb-21","HOLM-02","Feb_21","Feb_21|HOLM-02|T9",13.51,18.92
"59",0,30.91,0,0,0,0,18.18,9.09,0,3.64,0,0,18.18,0,0,0,0,20,"T1",98,"Jul-21","JULI-01","Jul_21","Jul_21|JULI-01|T1",0,18.18
"60",0,20.41,0,0,0,0,30.61,0,0,20.41,0,0,24.49,0,0,2.04,0,2.04,"T2",80,"Jul-21","JULI-01","Jul_21","Jul_21|JULI-01|T2",0,24.49
"61",1.52,6.06,0,0,0,10.61,30.3,6.06,0,6.06,0,0,0,0,0,0,1.52,37.88,"T3",68,"Jul-21","JULI-01","Jul_21","Jul_21|JULI-01|T3",10.61,1.52
"62",0,0,0,78.95,0,0,0,0,0,0,0,0,0,0,0,0,0,21.05,"T4",59,"Jul-21","JULI-01","Jul_21","Jul_21|JULI-01|T4",78.95,0
"63",0,3.33,0,0,0,0,38.33,0,0,0,0,0,1.67,0,0,0,0,56.67,"T5",70,"Jul-21","JULI-01","Jul_21","Jul_21|JULI-01|T5",0,1.67
"64",0,0,0,54.72,0,3.77,0,0,0,1.89,0,0,0,0,0,0,0,39.62,"T6",49.3,"Jul-21","JULI-01","Jul_21","Jul_21|JULI-01|T6",58.49,0
"65",32.31,3.08,0,0,0,3.08,7.69,0,0,30.77,6.15,1.54,6.15,0,0,0,6.15,3.08,"T7",34.9,"Jul-21","JULI-01","Jul_21","Jul_21|JULI-01|T7",3.08,19.99
"66",44.23,0,0,0,0,5.77,15.38,0,0,23.08,5.77,3.85,0,0,0,0,1.92,0,"T8",28,"Jul-21","JULI-01","Jul_21","Jul_21|JULI-01|T8",5.77,11.54
"67",0,43.86,0,0,0,0,17.54,0,0,29.82,0,0,8.77,0,0,0,0,0,"T1",98.6,"Jul-21","JULI-02","Jul_21","Jul_21|JULI-02|T1",0,8.77
"68",25,0,0,12.5,0,2.08,2.08,4.17,0,2.08,8.33,0,0,0,0,0,0,43.75,"T2",91.4,"Jul-21","JULI-02","Jul_21","Jul_21|JULI-02|T2",14.58,8.33
"69",24.14,1.72,0,48.28,1.72,5.17,1.72,0,0,3.45,10.34,0,3.45,0,0,0,0,0,"T3",88.2,"Jul-21","JULI-02","Jul_21","Jul_21|JULI-02|T3",53.45,13.79
"70",0,42.19,0,0,0,0,7.81,0,0,37.5,0,0,6.25,0,0,0,0,6.25,"T4",77,"Jul-21","JULI-02","Jul_21","Jul_21|JULI-02|T4",0,6.25
"71",0,46.67,0,0,0,0,12,0,0,18.67,0,2.67,20,0,0,0,0,0,"T5",66.8,"Jul-21","JULI-02","Jul_21","Jul_21|JULI-02|T5",0,22.67
"72",0,30.65,0,0,0,0,24.19,1.61,0,8.06,0,11.29,24.19,0,0,0,0,0,"T6",57.2,"Jul-21","JULI-02","Jul_21","Jul_21|JULI-02|T6",0,35.48
"73",0,31.37,0,0,0,5.88,25.49,0,0,19.61,0,0,17.65,0,0,0,0,0,"T7",54.5,"Jul-21","JULI-02","Jul_21","Jul_21|JULI-02|T7",5.88,17.65
"74",0,2.56,0,0,0,0,0,30.77,0,14.1,0,0,0,0,0,0,0,52.56,"T8",47.7,"Jul-21","JULI-02","Jul_21","Jul_21|JULI-02|T8",0,0
"75",0,0,0,62,0,0,0,2,0,2,0,0,0,0,0,0,0,34,"T9",35.7,"Jul-21","JULI-02","Jul_21","Jul_21|JULI-02|T9",62,0
"76",35.82,11.94,0,4.48,0,14.93,2.99,0,0,1.49,5.97,0,0,1.49,0,0,1.49,19.4,"T10",28.1,"Jul-21","JULI-02","Jul_21","Jul_21|JULI-02|T10",19.41,8.95
"77",41.18,0,0,1.47,0,32.35,0,0,0,4.41,5.88,7.35,5.88,1.47,0,0,0,0,"T11",13,"Jul-21","JULI-02","Jul_21","Jul_21|JULI-02|T11",33.82,20.58
"78",8.51,10.64,0,0,0,23.4,0,0,0,0,4.26,0,0,0,0,0,0,53.19,"T1",33.9,"Feb-21","MARI-01","Feb_21","Feb_21|MARI-01|T1",23.4,4.26
"79",8.16,4.08,0,0,0,42.86,0,0,0,0,0,0,6.12,0,0,0,0,38.78,"T2",34.5,"Feb-21","MARI-01","Feb_21","Feb_21|MARI-01|T2",42.86,6.12
"80",0,0,0,0,0,55,0,0,0,0,0,0,0,0,0,0,0,45,"T3",34.7,"Feb-21","MARI-01","Feb_21","Feb_21|MARI-01|T3",55,0
"81",3.03,6.06,0,0,0,42.42,0,0,0,0,3.03,0,0,0,0,0,0,45.45,"T4",35,"Feb-21","MARI-01","Feb_21","Feb_21|MARI-01|T4",42.42,3.03
"82",6.98,0,0,0,0,32.56,0,0,0,2.33,0,0,0,0,0,0,0,58.14,"T5",34.9,"Feb-21","MARI-01","Feb_21","Feb_21|MARI-01|T5",32.56,0
"83",0,11.11,0,8.89,0,17.78,0,0,0,0,0,0,0,0,0,0,0,62.22,"T6",35,"Feb-21","MARI-01","Feb_21","Feb_21|MARI-01|T6",26.67,0
"84",0,9.09,0,0,0,27.27,4.55,0,0,4.55,9.09,0,0,0,0,0,2.27,43.18,"T7",34.9,"Feb-21","MARI-01","Feb_21","Feb_21|MARI-01|T7",27.27,11.36
"85",0,15.91,0,0,0,25,0,0,0,0,0,0,0,0,0,0,0,59.09,"T8",35.1,"Feb-21","MARI-01","Feb_21","Feb_21|MARI-01|T8",25,0
"86",9.62,57.69,0,0,0,0,32.69,0,0,0,0,0,0,0,0,0,0,0,"T1",97.2,"Feb-21","OSPR-01","Feb_21","Feb_21|OSPR-01|T1",0,0
"87",1.56,37.5,0,0,0,0,26.56,0,0,1.56,0,0,25,0,0,0,0,7.81,"T10",68,"Feb-21","OSPR-01","Feb_21","Feb_21|OSPR-01|T10",0,25
"88",0,26.87,0,0,0,0,38.81,1.49,0,2.99,0,0,20.9,0,0,0,0,8.96,"T11",64.2,"Feb-21","OSPR-01","Feb_21","Feb_21|OSPR-01|T11",0,20.9
"89",2.78,27.78,0,0,0,0,30.56,1.39,0,1.39,0,5.56,23.61,0,0,0,0,6.94,"T12",61.4,"Feb-21","OSPR-01","Feb_21","Feb_21|OSPR-01|T12",0,29.17
"90",1.41,28.17,0,1.41,0,0,46.48,2.82,0,0,0,1.41,11.27,0,0,0,2.82,4.23,"T13",52.3,"Feb-21","OSPR-01","Feb_21","Feb_21|OSPR-01|T13",1.41,15.5
"91",0,33.33,0,0,0,0,47.62,4.76,0,1.59,0,7.94,3.17,0,0,0,1.59,0,"T14",54.6,"Feb-21","OSPR-01","Feb_21","Feb_21|OSPR-01|T14",0,12.7
"92",2.6,32.47,0,0,0,0,48.05,0,0,2.6,0,3.9,1.3,0,0,0,1.3,7.79,"T15",59.8,"Feb-21","OSPR-01","Feb_21","Feb_21|OSPR-01|T15",0,6.5
"93",24.68,48.05,0,0,0,0,18.18,0,0,0,0,1.3,7.79,0,0,0,0,0,"T2",87.6,"Feb-21","OSPR-01","Feb_21","Feb_21|OSPR-01|T2",0,9.09
"94",0,82.5,0,0,0,0,17.5,0,0,0,0,0,0,0,0,0,0,0,"T3",94.1,"Feb-21","OSPR-01","Feb_21","Feb_21|OSPR-01|T3",0,0
"95",6.49,61.04,0,0,0,0,23.38,1.3,0,1.3,0,0,6.49,0,0,0,0,0,"T4",90.6,"Feb-21","OSPR-01","Feb_21","Feb_21|OSPR-01|T4",0,6.49
"96",17.65,32.35,0,2.94,0,0,27.94,0,0,1.47,0,0,4.41,0,0,0,0,13.24,"T5",84,"Feb-21","OSPR-01","Feb_21","Feb_21|OSPR-01|T5",2.94,4.41
"97",0,45.07,0,0,0,0,14.08,0,0,11.27,0,0,14.08,0,0,0,0,15.49,"T6",80.6,"Feb-21","OSPR-01","Feb_21","Feb_21|OSPR-01|T6",0,14.08
"98",5.06,18.99,0,0,0,0,25.32,0,0,2.53,0,0,45.57,0,0,0,0,2.53,"T7",71.6,"Feb-21","OSPR-01","Feb_21","Feb_21|OSPR-01|T7",0,45.57
"99",6.49,31.17,0,0,0,0,25.97,0,0,2.6,0,1.3,20.78,0,0,0,0,11.69,"T8",74.4,"Feb-21","OSPR-01","Feb_21","Feb_21|OSPR-01|T8",0,22.08
"100",4.05,37.84,0,1.35,0,0,28.38,0,0,4.05,0,2.7,16.22,0,0,2.7,0,2.7,"T9",77.2,"Feb-21","OSPR-01","Feb_21","Feb_21|OSPR-01|T9",1.35,18.92
"101",0,4.44,0,2.22,0,73.33,0,0,0,4.44,0,0,0,0,0,0,0,15.56,"T1",29.6,"Feb-21","SAUM-01","Feb_21","Feb_21|SAUM-01|T1",75.55,0
"102",0,11.11,0,0,0,33.33,0,0,0,0,0,0,0,0,0,0,0,55.56,"T2",29.6,"Feb-21","SAUM-01","Feb_21","Feb_21|SAUM-01|T2",33.33,0
"103",0,2.22,0,0,0,33.33,2.22,0,0,2.22,0,0,0,0,0,0,0,60,"T3",29.8,"Feb-21","SAUM-01","Feb_21","Feb_21|SAUM-01|T3",33.33,0
"104",0,0,0,14.58,0,18.75,2.08,0,0,10.42,0,0,0,0,0,0,0,54.17,"T4",29.6,"Feb-21","SAUM-01","Feb_21","Feb_21|SAUM-01|T4",33.33,0
"105",0,0,0,11.32,0,39.62,0,0,0,5.66,0,0,0,0,0,0,0,43.4,"T5",29.5,"Feb-21","SAUM-01","Feb_21","Feb_21|SAUM-01|T5",50.94,0
"106",6.82,20.45,4.55,0,0,15.91,9.09,1.14,0,0,5.68,5.68,3.41,3.41,0,1.14,1.14,21.59,"T1",35.2,"Feb-21","WILL-01","Feb_21","Feb_21|WILL-01|T1",15.91,19.32
"107",5.56,4.44,0,7.78,0,11.11,5.56,0,0,3.33,0,0,0,0,0,0,1.11,61.11,"T10",50.4,"Feb-21","WILL-01","Feb_21","Feb_21|WILL-01|T10",18.89,1.11
"108",0,33.33,0,0,0,16.67,0,0,0,0,0,0,0,0,0,0,0,50,"T11",50.1,"Feb-21","WILL-01","Feb_21","Feb_21|WILL-01|T11",16.67,0
"109",6.06,19.7,10.61,0,0,19.7,3.03,0,0,1.52,0,1.52,4.55,0,0,1.52,7.58,24.24,"T12",40,"Feb-21","WILL-01","Feb_21","Feb_21|WILL-01|T12",19.7,13.65
"110",4.05,20.27,0,4.05,0,41.89,1.35,0,0,1.35,0,1.35,8.11,0,0,0,4.05,13.51,"T13",43,"Feb-21","WILL-01","Feb_21","Feb_21|WILL-01|T13",45.94,13.51
"111",18.03,4.92,1.64,0,0,21.31,6.56,1.64,0,3.28,0,3.28,1.64,4.92,0,0,3.28,29.51,"T14",42,"Feb-21","WILL-01","Feb_21","Feb_21|WILL-01|T14",21.31,13.12
"112",14.75,11.48,0,0,0,24.59,4.92,0,0,1.64,1.64,6.56,1.64,4.92,0,0,9.84,18.03,"T15",42,"Feb-21","WILL-01","Feb_21","Feb_21|WILL-01|T15",24.59,24.6
"113",0,10,0,1.25,0,40,11.25,1.25,0,1.25,1.25,0,3.75,1.25,0,1.25,1.25,26.25,"T2",42.3,"Feb-21","WILL-01","Feb_21","Feb_21|WILL-01|T2",41.25,7.5
"114",0,7.04,0,2.82,0,38.03,14.08,1.41,0,0,0,1.41,0,1.41,0,0,2.82,30.99,"T3",44.4,"Feb-21","WILL-01","Feb_21","Feb_21|WILL-01|T3",40.85,5.64
"115",0,10.45,0,2.99,0,13.43,19.4,0,0,2.99,0,0,0,0,0,0,4.48,46.27,"T4",51.5,"Feb-21","WILL-01","Feb_21","Feb_21|WILL-01|T4",16.42,4.48
"116",4.55,4.55,0,13.64,0,10.61,16.67,1.52,0,3.03,0,0,3.03,0,0,0,4.55,37.88,"T5",52.3,"Feb-21","WILL-01","Feb_21","Feb_21|WILL-01|T5",24.25,7.58
"117",0,0,0,3.8,0,0,7.59,5.06,0,0,0,0,0,0,0,0,0,83.54,"T6",52.3,"Feb-21","WILL-01","Feb_21","Feb_21|WILL-01|T6",3.8,0
"118",5,8.75,0,18.75,0,16.25,10,1.25,0,0,0,0,1.25,0,0,0,3.75,35,"T7",60.1,"Feb-21","WILL-01","Feb_21","Feb_21|WILL-01|T7",35,5
"119",6.58,19.74,0,0,0,23.68,2.63,0,0,0,0,0,3.95,0,0,0,3.95,39.47,"T8",44.8,"Feb-21","WILL-01","Feb_21","Feb_21|WILL-01|T8",23.68,7.9
"120",10.26,20.51,0,0,0,11.54,3.85,1.28,0,6.41,0,0,0,0,0,0,3.85,42.31,"T9",44.1,"Feb-21","WILL-01","Feb_21","Feb_21|WILL-01|T9",11.54,3.85
"121",38.18,10.91,0,0,0,9.09,1.82,1.82,0,0,16.36,5.45,3.64,12.73,0,0,0,0,"T1",31.5,"Feb-21","WREC-01","Feb_21","Feb_21|WREC-01|T1",9.09,38.18
"122",25.58,18.6,0,0,0,32.56,0,0,0,0,4.65,2.33,4.65,6.98,0,0,0,4.65,"T2",36.5,"Feb-21","WREC-01","Feb_21","Feb_21|WREC-01|T2",32.56,18.61
"123",35.19,11.11,0,0,0,18.52,1.85,1.85,0,1.85,5.56,0,1.85,9.26,0,0,1.85,11.11,"T3",36.3,"Feb-21","WREC-01","Feb_21","Feb_21|WREC-01|T3",18.52,18.52
"124",0,0,0,31.48,0,0,0,0,0,0,0,0,0,0,0,0,0,68.52,"T1",36.5,"Feb-21","CHIL-01","Feb_21","Feb_21|CHIL-01|T1",31.48,0
"125",0,0,0,38,0,0,0,0,0,0,0,0,0,0,0,0,0,62,"T2",37.8,"Feb-21","CHIL-01","Feb_21","Feb_21|CHIL-01|T2",38,0
"126",0,0,0,30.51,0,0,0,0,0,0,0,0,0,0,0,0,0,69.49,"T3",39.8,"Feb-21","CHIL-01","Feb_21","Feb_21|CHIL-01|T3",30.51,0
"127",0,1.52,0,0,0,62.12,0,0,0,0,0,0,0,0,0,0,4.55,31.82,"T1",34.8,"Feb-21","FRED-01","Feb_21","Feb_21|FRED-01|T1",62.12,4.55
"128",0,0,0,0,0,44.26,0,0,0,0,0,0,1.64,0,0,0,3.28,50.82,"T2",40,"Feb-21","FRED-01","Feb_21","Feb_21|FRED-01|T2",44.26,4.92
"129",0,7.27,0,7.27,0,29.09,0,0,0,0,7.27,0,1.82,3.64,0,1.82,0,41.82,"T1",34.3,"Feb-21","HERA-01","Feb_21","Feb_21|HERA-01|T1",36.36,12.73
"130",0,3.39,0,1.69,0,20.34,1.69,0,0,0,3.39,0,1.69,0,0,0,0,67.8,"T2",35.3,"Feb-21","HERA-01","Feb_21","Feb_21|HERA-01|T2",22.03,5.08
"131",0,0,0,8.16,0,2.04,0,0,0,0,0,0,0,0,0,0,0,89.8,"T3",37.6,"Feb-21","HERA-01","Feb_21","Feb_21|HERA-01|T3",10.2,0
"132",0,0,0,5.66,0,0,0,0,0,0,0,0,0,0,0,0,0,94.34,"T4",43.5,"Feb-21","HERA-01","Feb_21","Feb_21|HERA-01|T4",5.66,0
"133",0,4.65,0,0,0,68.6,4.65,0,0,0,0,0,1.16,0,0,0,0,20.93,"T5",43.8,"Feb-21","HERA-01","Feb_21","Feb_21|HERA-01|T5",68.6,1.16
"134",0,0,0,0,0,60.47,8.14,0,0,1.16,1.16,0,0,2.33,0,0,0,26.74,"T6",41.7,"Feb-21","HERA-01","Feb_21","Feb_21|HERA-01|T6",60.47,3.49
"135",0,0,0,0,0,58.97,0,0,0,0,2.56,0,0,0,0,0,1.28,37.18,"T7",40.5,"Feb-21","HERA-01","Feb_21","Feb_21|HERA-01|T7",58.97,3.84
"136",0,10,0,0,0,47.5,2.5,0,0,0,0,1.25,0,3.75,0,0,0,35,"T8",40.4,"Feb-21","HERA-01","Feb_21","Feb_21|HERA-01|T8",47.5,5
"137",0,1.47,0,0,0,58.82,7.35,0,0,0,1.47,0,0,5.88,0,0,0,25,"T9",37.1,"Feb-21","HERA-01","Feb_21","Feb_21|HERA-01|T9",58.82,7.35
"138",4,24,0,0,0,16,7,2,0,0,10,6,4,14,9,1,3,0,"T1",40.8,"Feb-21","KENN-01","Feb_21","Feb_21|KENN-01|T1",16,37
"139",6.85,17.81,0,0,0,2.74,15.07,0,0,0,6.85,5.48,13.7,15.07,0,0,6.85,9.59,"T2",31.1,"Feb-21","KENN-01","Feb_21","Feb_21|KENN-01|T2",2.74,47.95
"140",8.2,21.31,1.64,0,0,9.84,6.56,0,0,3.28,8.2,6.56,8.2,8.2,0,3.28,3.28,11.48,"T3",31.4,"Feb-21","KENN-01","Feb_21","Feb_21|KENN-01|T3",9.84,34.44
"141",15.15,15.15,6.06,0,0,3.03,15.15,0,0,1.52,7.58,4.55,3.03,4.55,0,0,12.12,12.12,"T4",32.3,"Feb-21","KENN-01","Feb_21","Feb_21|KENN-01|T4",3.03,31.83
